Workbook

Sheet How to Use
A1: Practice: Line, Bar and Candlestick Charts
A2: Basics of Candlesticks course · Illustrative practice data (prices in AED)
A4: Your task
A5: 1. For each day, calculate the range: High minus Low
A6: 2. Decide whether the day closed Up, Down or Flat
A7: 3. Open the Chart tab to see the same data as candles
A8: 4. Then answer the five questions on the Quiz tab.
A9: 5. Stuck? The Answer Key tab has every answer worked out.
A11: Legend: yellow cells = your answers. Blue numbers = given data. Check columns show ✓ or 'Try again'.
A12: This workbook is for education only and is not investment advice.

Sheet Practice
A1: Practice: Read the Price Table
A2: Fill in the yellow cells. Check columns update automatically.
A4: Day | B4: Open | C4: High | D4: Low | E4: Close | F4: Range (High − Low) | G4: Check | H4: Close vs Open | I4: Check
A5: 1 | B5: 20 | C5: 20.23 | D5: 19.91 | E5: 20.18 | G5: =IF(F5="","",IF(ROUND(F5,2)=ROUND('Answer Key'!F5,2),"✓","Try again")) | I5: =IF(H5="","",IF(H5='Answer Key'!G5,"✓","Try again"))
A6: 2 | B6: 20.18 | C6: 20.24 | D6: 19.67 | E6: 19.74 | G6: =IF(F6="","",IF(ROUND(F6,2)=ROUND('Answer Key'!F6,2),"✓","Try again")) | I6: =IF(H6="","",IF(H6='Answer Key'!G6,"✓","Try again"))
A7: 3 | B7: 19.7 | C7: 19.88 | D7: 19.06 | E7: 19.86 | G7: =IF(F7="","",IF(ROUND(F7,2)=ROUND('Answer Key'!F7,2),"✓","Try again")) | I7: =IF(H7="","",IF(H7='Answer Key'!G7,"✓","Try again"))
A8: 4 | B8: 19.86 | C8: 20.52 | D8: 19.69 | E8: 20.36 | G8: =IF(F8="","",IF(ROUND(F8,2)=ROUND('Answer Key'!F8,2),"✓","Try again")) | I8: =IF(H8="","",IF(H8='Answer Key'!G8,"✓","Try again"))
A9: 5 | B9: 20.36 | C9: 20.68 | D9: 20.04 | E9: 20.36 | G9: =IF(F9="","",IF(ROUND(F9,2)=ROUND('Answer Key'!F9,2),"✓","Try again")) | I9: =IF(H9="","",IF(H9='Answer Key'!G9,"✓","Try again"))
A10: 6 | B10: 20.36 | C10: 20.43 | D10: 20.06 | E10: 20.15 | G10: =IF(F10="","",IF(ROUND(F10,2)=ROUND('Answer Key'!F10,2),"✓","Try again")) | I10: =IF(H10="","",IF(H10='Answer Key'!G10,"✓","Try again"))
A11: 7 | B11: 20.15 | C11: 20.27 | D11: 19.44 | E11: 19.57 | G11: =IF(F11="","",IF(ROUND(F11,2)=ROUND('Answer Key'!F11,2),"✓","Try again")) | I11: =IF(H11="","",IF(H11='Answer Key'!G11,"✓","Try again"))
A12: 8 | B12: 19.57 | C12: 19.91 | D12: 19.47 | E12: 19.82 | G12: =IF(F12="","",IF(ROUND(F12,2)=ROUND('Answer Key'!F12,2),"✓","Try again")) | I12: =IF(H12="","",IF(H12='Answer Key'!G12,"✓","Try again"))
A13: 9 | B13: 19.82 | C13: 20.29 | D13: 19.69 | E13: 20.22 | G13: =IF(F13="","",IF(ROUND(F13,2)=ROUND('Answer Key'!F13,2),"✓","Try again")) | I13: =IF(H13="","",IF(H13='Answer Key'!G13,"✓","Try again"))
A14: 10 | B14: 20.26 | C14: 20.94 | D14: 20.08 | E14: 20.1 | G14: =IF(F14="","",IF(ROUND(F14,2)=ROUND('Answer Key'!F14,2),"✓","Try again")) | I14: =IF(H14="","",IF(H14='Answer Key'!G14,"✓","Try again"))
A16: Score | B16: =(COUNTIF(G5:G14,"✓")+COUNTIF(I5:I14,"✓"))&" / 20 correct" -> 0 / 20 correct

Sheet Quiz
A1: Lesson Quiz
A2: Choose your answers from the dropdowns. Your score updates automatically.
A4: # | B4: Question | C4: Your answer | D4: Check
A5: 1 | B5: Which chart type shows only the closing prices, joined together? A) Candlestick chart B) Bar chart C) All three D) Line chart | D5: =IF(C5="","",IF(C5='Answer Key'!B21,"✓","Try again"))
A6: 2 | B6: A line chart shows the high and low of each day. | D6: =IF(C6="","",IF(C6='Answer Key'!B22,"✓","Try again"))
A7: 3 | B7: Bar charts and candlestick charts show the same four prices. | D7: =IF(C7="","",IF(C7='Answer Key'!B23,"✓","Try again"))
A8: 4 | B8: Candle colour shows who won the period. | D8: =IF(C8="","",IF(C8='Answer Key'!B24,"✓","Try again"))
A9: 5 | B9: Candlesticks were invented for US stocks. | D9: =IF(C9="","",IF(C9='Answer Key'!B25,"✓","Try again"))
A11: Score | B11: =COUNTIF(D5:D9,"✓")&" / 5 correct" -> 0 / 5 correct

Sheet Chart
A1: Your Data as Candles
A2: Green bars: close above open. Red bars: close below open. Lines show the high and low.

Sheet Answer Key
A1: Answer Key
A2: Worked answers for the Practice and Quiz tabs.
A4: Day | B4: Open | C4: High | D4: Low | E4: Close | F4: Range (High − Low) | G4: Close vs Open
A5: 1 | B5: 20 | C5: 20.23 | D5: 19.91 | E5: 20.18 | F5: =C5-D5 -> 0.32 | G5: =IF(E5>B5,"Up",IF(E5<B5,"Down","Flat")) -> Up
A6: 2 | B6: 20.18 | C6: 20.24 | D6: 19.67 | E6: 19.74 | F6: =C6-D6 -> 0.57 | G6: =IF(E6>B6,"Up",IF(E6<B6,"Down","Flat")) -> Down
A7: 3 | B7: 19.7 | C7: 19.88 | D7: 19.06 | E7: 19.86 | F7: =C7-D7 -> 0.82 | G7: =IF(E7>B7,"Up",IF(E7<B7,"Down","Flat")) -> Up
A8: 4 | B8: 19.86 | C8: 20.52 | D8: 19.69 | E8: 20.36 | F8: =C8-D8 -> 0.83 | G8: =IF(E8>B8,"Up",IF(E8<B8,"Down","Flat")) -> Up
A9: 5 | B9: 20.36 | C9: 20.68 | D9: 20.04 | E9: 20.36 | F9: =C9-D9 -> 0.64 | G9: =IF(E9>B9,"Up",IF(E9<B9,"Down","Flat")) -> Flat
A10: 6 | B10: 20.36 | C10: 20.43 | D10: 20.06 | E10: 20.15 | F10: =C10-D10 -> 0.37 | G10: =IF(E10>B10,"Up",IF(E10<B10,"Down","Flat")) -> Down
A11: 7 | B11: 20.15 | C11: 20.27 | D11: 19.44 | E11: 19.57 | F11: =C11-D11 -> 0.83 | G11: =IF(E11>B11,"Up",IF(E11<B11,"Down","Flat")) -> Down
A12: 8 | B12: 19.57 | C12: 19.91 | D12: 19.47 | E12: 19.82 | F12: =C12-D12 -> 0.44 | G12: =IF(E12>B12,"Up",IF(E12<B12,"Down","Flat")) -> Up
A13: 9 | B13: 19.82 | C13: 20.29 | D13: 19.69 | E13: 20.22 | F13: =C13-D13 -> 0.6 | G13: =IF(E13>B13,"Up",IF(E13<B13,"Down","Flat")) -> Up
A14: 10 | B14: 20.26 | C14: 20.94 | D14: 20.08 | E14: 20.1 | F14: =C14-D14 -> 0.86 | G14: =IF(E14>B14,"Up",IF(E14<B14,"Down","Flat")) -> Down
A20: Quiz answers
A21: 1 | B21: D
A22: 2 | B22: False
A23: 3 | B23: True
A24: 4 | B24: True
A25: 5 | B25: False
