Workbook

Sheet How to Use
A1: Practice: Anatomy of a Candle
A2: Basics of Candlesticks course · Illustrative practice data (prices in AED)
A4: Your task
A5: 1. Go to the 'Practice' tab. Each row is one trading day with its Open, High, Low and Close.
A6: 2. In the yellow cells, choose the candle type (Bullish, Bearish or Doji) from the dropdown.
A7: 3. Calculate the Body, Upper wick and Lower wick. Type a number or write a formula.
A8: 4. The Check columns show ✓ when your answer is correct, or 'Try again'.
A9: 5. Open the 'Chart' tab to see the 10 days drawn as candles.
A10: 6. Stuck? The 'Answer Key' tab has every answer worked out with formulas.
A12: The formulas
A13: Body = ABS(Close − Open)
A14: Upper wick = High − MAX(Open, Close)
... A19: This workbook is for education only and is not investment advice.

Sheet Practice
A1: Practice: Read the Candles
A2: Fill in the yellow cells. Prices in AED (illustrative data). Check columns update automatically.
A4: Day | B4: Open | C4: High | D4: Low | E4: Close | F4: Candle type | G4: Check | H4: Body | I4: Check | J4: Upper wick | K4: Check | L4: Lower wick | M4: Check
A5: 1 | B5: 5.2 | C5: 5.48 | D5: 5.12 | E5: 5.42 | G5: =IF(F5="","",IF(F5='Answer Key'!F5,"✓","Try again")) | I5: =IF(H5="","",IF(ROUND(H5,2)=ROUND('Answer Key'!G5,2),"✓","Try again")) | K5: =IF(J5="","",IF(ROUND(J5,2)=ROUND('Answer Key'!H5,2),"✓","Try again")) | M5: =IF(L5="","",IF(ROUND(L5,2)=ROUND('Answer Key'!I5,2),"✓","Try again"))
A6: 2 | B6: 5.42 | C6: 5.6 | D6: 5.3 | E6: 5.35 | G6: =IF(F6="","",IF(F6='Answer Key'!F6,"✓","Try again")) | I6: =IF(H6="","",IF(ROUND(H6,2)=ROUND('Answer Key'!G6,2),"✓","Try again")) | K6: =IF(J6="","",IF(ROUND(J6,2)=ROUND('Answer Key'!H6,2),"✓","Try again")) | M6: =IF(L6="","",IF(ROUND(L6,2)=ROUND('Answer Key'!I6,2),"✓","Try again"))
A7: 3 | B7: 5.35 | C7: 5.38 | D7: 5.05 | E7: 5.1 | G7: =IF(F7="","",IF(F7='Answer Key'!F7,"✓","Try again")) | I7: =IF(H7="","",IF(ROUND(H7,2)=ROUND('Answer Key'!G7,2),"✓","Try again")) | K7: =IF(J7="","",IF(ROUND(J7,2)=ROUND('Answer Key'!H7,2),"✓","Try again")) | M7: =IF(L7="","",IF(ROUND(L7,2)=ROUND('Answer Key'!I7,2),"✓","Try again"))
A8: 4 | B8: 5.1 | C8: 5.25 | D8: 4.92 | E8: 5.22 | G8: =IF(F8="","",IF(F8='Answer Key'!F8,"✓","Try again")) | I8: =IF(H8="","",IF(ROUND(H8,2)=ROUND('Answer Key'!G8,2),"✓","Try again")) | K8: =IF(J8="","",IF(ROUND(J8,2)=ROUND('Answer Key'!H8,2),"✓","Try again")) | M8: =IF(L8="","",IF(ROUND(L8,2)=ROUND('Answer Key'!I8,2),"✓","Try again"))
A9: 5 | B9: 5.22 | C9: 5.4 | D9: 5.18 | E9: 5.22 | G9: =IF(F9="","",IF(F9='Answer Key'!F9,"✓","Try again")) | I9: =IF(H9="","",IF(ROUND(H9,2)=ROUND('Answer Key'!G9,2),"✓","Try again")) | K9: =IF(J9="","",IF(ROUND(J9,2)=ROUND('Answer Key'!H9,2),"✓","Try again")) | M9: =IF(L9="","",IF(ROUND(L9,2)=ROUND('Answer Key'!I9,2),"✓","Try again"))
A10: 6 | B10: 5.24 | C10: 5.55 | D10: 5.2 | E10: 5.5 | G10: =IF(F10="","",IF(F10='Answer Key'!F10,"✓","Try again")) | I10: =IF(H10="","",IF(ROUND(H10,2)=ROUND('Answer Key'!G10,2),"✓","Try again")) | K10: =IF(J10="","",IF(ROUND(J10,2)=ROUND('Answer Key'!H10,2),"✓","Try again")) | M10: =IF(L10="","",IF(ROUND(L10,2)=ROUND('Answer Key'!I10,2),"✓","Try again"))
A11: 7 | B11: 5.5 | C11: 5.72 | D11: 5.46 | E11: 5.68 | G11: =IF(F11="","",IF(F11='Answer Key'!F11,"✓","Try again")) | I11: =IF(H11="","",IF(ROUND(H11,2)=ROUND('Answer Key'!G11,2),"✓","Try again")) | K11: =IF(J11="","",IF(ROUND(J11,2)=ROUND('Answer Key'!H11,2),"✓","Try again")) | M11: =IF(L11="","",IF(ROUND(L11,2)=ROUND('Answer Key'!I11,2),"✓","Try again"))
A12: 8 | B12: 5.68 | C12: 5.9 | D12: 5.6 | E12: 5.62 | G12: =IF(F12="","",IF(F12='Answer Key'!F12,"✓","Try again")) | I12: =IF(H12="","",IF(ROUND(H12,2)=ROUND('Answer Key'!G12,2),"✓","Try again")) | K12: =IF(J12="","",IF(ROUND(J12,2)=ROUND('Answer Key'!H12,2),"✓","Try again")) | M12: =IF(L12="","",IF(ROUND(L12,2)=ROUND('Answer Key'!I12,2),"✓","Try again"))
A13: 9 | B13: 5.62 | C13: 5.66 | D13: 5.4 | E13: 5.45 | G13: =IF(F13="","",IF(F13='Answer Key'!F13,"✓","Try again")) | I13: =IF(H13="","",IF(ROUND(H13,2)=ROUND('Answer Key'!G13,2),"✓","Try again")) | K13: =IF(J13="","",IF(ROUND(J13,2)=ROUND('Answer Key'!H13,2),"✓","Try again")) | M13: =IF(L13="","",IF(ROUND(L13,2)=ROUND('Answer Key'!I13,2),"✓","Try again"))
A14: 10 | B14: 5.45 | C14: 5.58 | D14: 5.38 | E14: 5.55 | G14: =IF(F14="","",IF(F14='Answer Key'!F14,"✓","Try again")) | I14: =IF(H14="","",IF(ROUND(H14,2)=ROUND('Answer Key'!G14,2),"✓","Try again")) | K14: =IF(J14="","",IF(ROUND(J14,2)=ROUND('Answer Key'!H14,2),"✓","Try again")) | M14: =IF(L14="","",IF(ROUND(L14,2)=ROUND('Answer Key'!I14,2),"✓","Try again"))
A16: Score | B16: =COUNTIF(G5:M14,"✓")&" / 40 correct" -> 0 / 40 correct
A18: Example: Day 1 opened at 5.20 and closed at 5.42, so it is Bullish with a body of 0.22, an upper wick of 0.06 and a lower wick of 0.08.

Sheet Chart
A1: Your 10 Days as Candles
A2: Green bars: close above open. Red bars: close below open. Lines show the high and low.

Sheet Answer Key
A1: Answer Key
A2: All values calculated with formulas from the Practice tab prices.
A4: Day | B4: Open | C4: High | D4: Low | E4: Close | F4: Candle type | G4: Body | H4: Upper wick | I4: Lower wick
A5: 1 | B5: =Practice!B5 -> 5.2 | C5: =Practice!C5 -> 5.48 | D5: =Practice!D5 -> 5.12 | E5: =Practice!E5 -> 5.42 | F5: =IF(E5>B5,"Bullish",IF(E5<B5,"Bearish","Doji")) -> Bullish | G5: =ABS(E5-B5) -> 0.22 | H5: =C5-MAX(B5,E5) -> 0.06 | I5: =MIN(B5,E5)-D5 -> 0.08
A6: 2 | B6: =Practice!B6 -> 5.42 | C6: =Practice!C6 -> 5.6 | D6: =Practice!D6 -> 5.3 | E6: =Practice!E6 -> 5.35 | F6: =IF(E6>B6,"Bullish",IF(E6<B6,"Bearish","Doji")) -> Bearish | G6: =ABS(E6-B6) -> 0.07 | H6: =C6-MAX(B6,E6) -> 0.18 | I6: =MIN(B6,E6)-D6 -> 0.05
A7: 3 | B7: =Practice!B7 -> 5.35 | C7: =Practice!C7 -> 5.38 | D7: =Practice!D7 -> 5.05 | E7: =Practice!E7 -> 5.1 | F7: =IF(E7>B7,"Bullish",IF(E7<B7,"Bearish","Doji")) -> Bearish | G7: =ABS(E7-B7) -> 0.25 | H7: =C7-MAX(B7,E7) -> 0.03 | I7: =MIN(B7,E7)-D7 -> 0.05
A8: 4 | B8: =Practice!B8 -> 5.1 | C8: =Practice!C8 -> 5.25 | D8: =Practice!D8 -> 4.92 | E8: =Practice!E8 -> 5.22 | F8: =IF(E8>B8,"Bullish",IF(E8<B8,"Bearish","Doji")) -> Bullish | G8: =ABS(E8-B8) -> 0.12 | H8: =C8-MAX(B8,E8) -> 0.03 | I8: =MIN(B8,E8)-D8 -> 0.18
A9: 5 | B9: =Practice!B9 -> 5.22 | C9: =Practice!C9 -> 5.4 | D9: =Practice!D9 -> 5.18 | E9: =Practice!E9 -> 5.22 | F9: =IF(E9>B9,"Bullish",IF(E9<B9,"Bearish","Doji")) -> Doji | G9: =ABS(E9-B9) -> 0 | H9: =C9-MAX(B9,E9) -> 0.18 | I9: =MIN(B9,E9)-D9 -> 0.04
A10: 6 | B10: =Practice!B10 -> 5.24 | C10: =Practice!C10 -> 5.55 | D10: =Practice!D10 -> 5.2 | E10: =Practice!E10 -> 5.5 | F10: =IF(E10>B10,"Bullish",IF(E10<B10,"Bearish","Doji")) -> Bullish | G10: =ABS(E10-B10) -> 0.26 | H10: =C10-MAX(B10,E10) -> 0.05 | I10: =MIN(B10,E10)-D10 -> 0.04
A11: 7 | B11: =Practice!B11 -> 5.5 | C11: =Practice!C11 -> 5.72 | D11: =Practice!D11 -> 5.46 | E11: =Practice!E11 -> 5.68 | F11: =IF(E11>B11,"Bullish",IF(E11<B11,"Bearish","Doji")) -> Bullish | G11: =ABS(E11-B11) -> 0.18 | H11: =C11-MAX(B11,E11) -> 0.04 | I11: =MIN(B11,E11)-D11 -> 0.04
A12: 8 | B12: =Practice!B12 -> 5.68 | C12: =Practice!C12 -> 5.9 | D12: =Practice!D12 -> 5.6 | E12: =Practice!E12 -> 5.62 | F12: =IF(E12>B12,"Bullish",IF(E12<B12,"Bearish","Doji")) -> Bearish | G12: =ABS(E12-B12) -> 0.06 | H12: =C12-MAX(B12,E12) -> 0.22 | I12: =MIN(B12,E12)-D12 -> 0.02
A13: 9 | B13: =Practice!B13 -> 5.62 | C13: =Practice!C13 -> 5.66 | D13: =Practice!D13 -> 5.4 | E13: =Practice!E13 -> 5.45 | F13: =IF(E13>B13,"Bullish",IF(E13<B13,"Bearish","Doji")) -> Bearish | G13: =ABS(E13-B13) -> 0.17 | H13: =C13-MAX(B13,E13) -> 0.04 | I13: =MIN(B13,E13)-D13 -> 0.05
A14: 10 | B14: =Practice!B14 -> 5.45 | C14: =Practice!C14 -> 5.58 | D14: =Practice!D14 -> 5.38 | E14: =Practice!E14 -> 5.55 | F14: =IF(E14>B14,"Bullish",IF(E14<B14,"Bearish","Doji")) -> Bullish | G14: =ABS(E14-B14) -> 0.1 | H14: =C14-MAX(B14,E14) -> 0.03 | I14: =MIN(B14,E14)-D14 -> 0.07
