Workbook

Sheet How to Use
A1: Practice: Timeframes and How Candles Build
A2: Basics of Candlesticks course · Illustrative practice data (prices in AED)
A4: Your task
A5: 1. Study the 15 hourly candles: 3 trading days of 5 hours each
A6: 2. Build each day's daily candle: open, high, low and close
A7: 3. Use the formulas shown, then check your answers
A8: 4. Then answer the five questions on the Quiz tab.
A9: 5. Stuck? The Answer Key tab has every answer worked out.
A11: Legend: yellow cells = your answers. Blue numbers = given data. Check columns show ✓ or 'Try again'.
A12: This workbook is for education only and is not investment advice.

Sheet Practice
A1: Practice: Build Daily Candles
A2: Three trading days of hourly data. Build each day's daily candle on the right.
A4: Day | B4: Hour | C4: Open | D4: High | E4: Low | F4: Close | H4: Day | I4: Daily Open | J4: Check | K4: Daily High | L4: Check | M4: Daily Low | N4: Check | O4: Daily Close | P4: Check
A5: Day 1 | B5: 10:00 | C5: 20 | D5: 20.24 | E5: 19.91 | F5: 20.18 | H5: Day 1 | J5: =IF(I5="","",IF(ROUND(I5,2)=ROUND('Answer Key'!B5,2),"✓","Try again")) | L5: =IF(K5="","",IF(ROUND(K5,2)=ROUND('Answer Key'!C5,2),"✓","Try again")) | N5: =IF(M5="","",IF(ROUND(M5,2)=ROUND('Answer Key'!D5,2),"✓","Try again")) | P5: =IF(O5="","",IF(ROUND(O5,2)=ROUND('Answer Key'!E5,2),"✓","Try again"))
A6: Day 1 | B6: 11:00 | C6: 20.18 | D6: 20.31 | E6: 19.84 | F6: 19.94 | H6: Day 2 | J6: =IF(I6="","",IF(ROUND(I6,2)=ROUND('Answer Key'!B6,2),"✓","Try again")) | L6: =IF(K6="","",IF(ROUND(K6,2)=ROUND('Answer Key'!C6,2),"✓","Try again")) | N6: =IF(M6="","",IF(ROUND(M6,2)=ROUND('Answer Key'!D6,2),"✓","Try again")) | P6: =IF(O6="","",IF(ROUND(O6,2)=ROUND('Answer Key'!E6,2),"✓","Try again"))
A7: Day 1 | B7: 12:00 | C7: 19.94 | D7: 20.12 | E7: 19.38 | F7: 19.55 | H7: Day 3 | J7: =IF(I7="","",IF(ROUND(I7,2)=ROUND('Answer Key'!B7,2),"✓","Try again")) | L7: =IF(K7="","",IF(ROUND(K7,2)=ROUND('Answer Key'!C7,2),"✓","Try again")) | N7: =IF(M7="","",IF(ROUND(M7,2)=ROUND('Answer Key'!D7,2),"✓","Try again")) | P7: =IF(O7="","",IF(ROUND(O7,2)=ROUND('Answer Key'!E7,2),"✓","Try again"))
A8: Day 1 | B8: 13:00 | C8: 19.55 | D8: 19.88 | E8: 19.43 | F8: 19.82
A9: Day 1 | B9: 14:00 | C9: 19.82 | D9: 20.49 | E9: 19.65 | F9: 20.4
A10: Day 2 | B10: 10:00 | C10: 20.4 | D10: 20.49 | E10: 19.7 | F10: 19.79
A11: Day 2 | B11: 11:00 | C11: 19.79 | D11: 19.87 | E11: 19.45 | F11: 19.58
A12: Day 2 | B12: 12:00 | C12: 19.58 | D12: 19.99 | E12: 19.51 | F12: 19.87
A13: Day 2 | B13: 13:00 | C13: 19.87 | D13: 19.97 | E13: 19.54 | F13: 19.67
A14: Day 2 | B14: 14:00 | C14: 19.67 | D14: 19.78 | E14: 19 | F14: 19.14
A15: Day 3 | B15: 10:00 | C15: 19.14 | D15: 19.79 | E15: 19.03 | F15: 19.68
A16: Day 3 | B16: 11:00 | C16: 19.68 | D16: 20.19 | E16: 19.55 | F16: 20.1
A17: Day 3 | B17: 12:00 | C17: 20.1 | D17: 20.44 | E17: 19.97 | F17: 20.33
A18: Day 3 | B18: 13:00 | C18: 20.33 | D18: 20.43 | E18: 20.04 | F18: 20.11
A19: Day 3 | B19: 14:00 | C19: 20.11 | D19: 20.66 | E19: 20.03 | F19: 20.51
A21: Tip: Daily High = MAX of that day's High column. Daily Low = MIN of that day's Low column.
A23: Score | B23: =(COUNTIF(J5:J5,"✓")+COUNTIF(L5:L5,"✓")+COUNTIF(N5:N5,"✓")+COUNTIF(P5:P5,"✓")+COUNTIF(J6:J6,"✓")+COUNTIF(L6:L6,"✓")+COUNTIF(N6:N6,"✓")+COUNTIF(P6:P6,"✓")+COUNTIF(J7:J7,"✓")+COUNTIF(L7:L7,"✓")+COUNTIF(N7:N7,"✓")+COUNTIF(P7:P7,"✓"))&" / 12 correct" -> 0 / 12 correct

Sheet Quiz
A1: Lesson Quiz
A2: Choose your answers from the dropdowns. Your score updates automatically.
A4: # | B4: Question | C4: Your answer | D4: Check
A5: 1 | B5: Five hourly candles make up one trading day. Which price becomes the daily close? A) The highest close of the day B) The close of the last hourly candle C) The average of all five closes D) The close of the first hourly candle | D5: =IF(C5="","",IF(C5='Answer Key'!B21,"✓","Try again"))
A6: 2 | B6: The daily high is the highest high of the hourly candles. | D6: =IF(C6="","",IF(C6='Answer Key'!B22,"✓","Try again"))
A7: 3 | B7: Candle-reading rules change on different timeframes. | D7: =IF(C7="","",IF(C7='Answer Key'!B23,"✓","Try again"))
A8: 4 | B8: Weekly candles are built from daily candles. | D8: =IF(C8="","",IF(C8='Answer Key'!B24,"✓","Try again"))
A9: 5 | B9: Minute charts are calmer than daily charts. | D9: =IF(C9="","",IF(C9='Answer Key'!B25,"✓","Try again"))
A11: Score | B11: =COUNTIF(D5:D9,"✓")&" / 5 correct" -> 0 / 5 correct

Sheet Answer Key
A1: Answer Key
A2: Worked answers for the Practice and Quiz tabs.
A4: Day | B4: Daily Open | C4: Daily High | D4: Daily Low | E4: Daily Close
A5: Day 1 | B5: =Practice!C5 -> 20 | C5: =MAX(Practice!D5:D9) -> 20.49 | D5: =MIN(Practice!E5:E9) -> 19.38 | E5: =Practice!F9 -> 20.4
A6: Day 2 | B6: =Practice!C10 -> 20.4 | C6: =MAX(Practice!D10:D14) -> 20.49 | D6: =MIN(Practice!E10:E14) -> 19 | E6: =Practice!F14 -> 19.14
A7: Day 3 | B7: =Practice!C15 -> 19.14 | C7: =MAX(Practice!D15:D19) -> 20.66 | D7: =MIN(Practice!E15:E19) -> 19.03 | E7: =Practice!F19 -> 20.51
A20: Quiz answers
A21: 1 | B21: B
A22: 2 | B22: True
A23: 3 | B23: False
A24: 4 | B24: True
A25: 5 | B25: False
