Workbook

Sheet How to Use
A1: Practice: Bullish vs Bearish Candles
A2: Basics of Candlesticks course · Illustrative practice data (prices in AED)
A4: Your task
A5: 1. For each day, classify the candle: Bullish, Bearish or Doji
A6: 2. Calculate the change: Close minus Open
A7: 3. Count how many bullish and bearish days there were
A8: 4. Then answer the five questions on the Quiz tab.
A9: 5. Stuck? The Answer Key tab has every answer worked out.
A11: Legend: yellow cells = your answers. Blue numbers = given data. Check columns show ✓ or 'Try again'.
A12: This workbook is for education only and is not investment advice.

Sheet Practice
A1: Practice: Bullish or Bearish?
A2: Fill in the yellow cells. Check columns update automatically.
A4: Day | B4: Open | C4: High | D4: Low | E4: Close | F4: Candle type | G4: Check | H4: Change (Close − Open) | I4: Check
A5: 1 | B5: 20 | C5: 20.44 | D5: 19.89 | E5: 20.38 | G5: =IF(F5="","",IF(F5='Answer Key'!F5,"✓","Try again")) | I5: =IF(H5="","",IF(ROUND(H5,2)=ROUND('Answer Key'!G5,2),"✓","Try again"))
A6: 2 | B6: 20.38 | C6: 20.88 | D6: 20.31 | E6: 20.82 | G6: =IF(F6="","",IF(F6='Answer Key'!F6,"✓","Try again")) | I6: =IF(H6="","",IF(ROUND(H6,2)=ROUND('Answer Key'!G6,2),"✓","Try again"))
A7: 3 | B7: 20.82 | C7: 21.47 | D7: 20.66 | E7: 21.35 | G7: =IF(F7="","",IF(F7='Answer Key'!F7,"✓","Try again")) | I7: =IF(H7="","",IF(ROUND(H7,2)=ROUND('Answer Key'!G7,2),"✓","Try again"))
A8: 4 | B8: 21.35 | C8: 21.67 | D8: 21.28 | E8: 21.54 | G8: =IF(F8="","",IF(F8='Answer Key'!F8,"✓","Try again")) | I8: =IF(H8="","",IF(ROUND(H8,2)=ROUND('Answer Key'!G8,2),"✓","Try again"))
A9: 5 | B9: 21.54 | C9: 21.86 | D9: 21.22 | E9: 21.54 | G9: =IF(F9="","",IF(F9='Answer Key'!F9,"✓","Try again")) | I9: =IF(H9="","",IF(ROUND(H9,2)=ROUND('Answer Key'!G9,2),"✓","Try again"))
A10: 6 | B10: 21.54 | C10: 21.67 | D10: 21.24 | E10: 21.34 | G10: =IF(F10="","",IF(F10='Answer Key'!F10,"✓","Try again")) | I10: =IF(H10="","",IF(ROUND(H10,2)=ROUND('Answer Key'!G10,2),"✓","Try again"))
A11: 7 | B11: 21.34 | C11: 21.47 | D11: 20.66 | E11: 20.77 | G11: =IF(F11="","",IF(F11='Answer Key'!F11,"✓","Try again")) | I11: =IF(H11="","",IF(ROUND(H11,2)=ROUND('Answer Key'!G11,2),"✓","Try again"))
A12: 8 | B12: 20.77 | C12: 20.84 | D12: 20.3 | E12: 20.37 | G12: =IF(F12="","",IF(F12='Answer Key'!F12,"✓","Try again")) | I12: =IF(H12="","",IF(ROUND(H12,2)=ROUND('Answer Key'!G12,2),"✓","Try again"))
A13: 9 | B13: 20.37 | C13: 20.54 | D13: 19.84 | E13: 19.96 | G13: =IF(F13="","",IF(F13='Answer Key'!F13,"✓","Try again")) | I13: =IF(H13="","",IF(ROUND(H13,2)=ROUND('Answer Key'!G13,2),"✓","Try again"))
A14: 10 | B14: 19.96 | C14: 20.29 | D14: 19.86 | E14: 20.15 | G14: =IF(F14="","",IF(F14='Answer Key'!F14,"✓","Try again")) | I14: =IF(H14="","",IF(ROUND(H14,2)=ROUND('Answer Key'!G14,2),"✓","Try again"))
A15: 11 | B15: 20.15 | C15: 20.78 | D15: 20.04 | E15: 20.62 | G15: =IF(F15="","",IF(F15='Answer Key'!F15,"✓","Try again")) | I15: =IF(H15="","",IF(ROUND(H15,2)=ROUND('Answer Key'!G15,2),"✓","Try again"))
A16: 12 | B16: 20.62 | C16: 20.73 | D16: 20.29 | E16: 20.37 | G16: =IF(F16="","",IF(F16='Answer Key'!F16,"✓","Try again")) | I16: =IF(H16="","",IF(ROUND(H16,2)=ROUND('Answer Key'!G16,2),"✓","Try again"))
A18: Score | B18: =(COUNTIF(G5:G16,"✓")+COUNTIF(I5:I16,"✓"))&" / 24 correct" -> 0 / 24 correct

Sheet Quiz
A1: Lesson Quiz
A2: Choose your answers from the dropdowns. Your score updates automatically.
A4: # | B4: Question | C4: Your answer | D4: Check
A5: 1 | B5: A stock opens at 20.00, rises to 21.00 during the day, and closes at 19.80. What kind of candle is it? A) Bullish, because it reached 21.00 B) Neutral, because it went up and down C) Bullish, because the high is above the open D) Bearish, because it closed below the open | D5: =IF(C5="","",IF(C5='Answer Key'!B23,"✓","Try again"))
A6: 2 | B6: A bullish candle closes above its open. | D6: =IF(C6="","",IF(C6='Answer Key'!B24,"✓","Try again"))
A7: 3 | B7: A candle that reached a new high is always bullish. | D7: =IF(C7="","",IF(C7='Answer Key'!B25,"✓","Try again"))
A8: 4 | B8: A long body shows a strong win. | D8: =IF(C8="","",IF(C8='Answer Key'!B26,"✓","Try again"))
A9: 5 | B9: Shrinking candles can show control is shifting. | D9: =IF(C9="","",IF(C9='Answer Key'!B27,"✓","Try again"))
A11: Score | B11: =COUNTIF(D5:D9,"✓")&" / 5 correct" -> 0 / 5 correct

Sheet Chart
A1: Your Data as Candles
A2: Green bars: close above open. Red bars: close below open. Lines show the high and low.

Sheet Answer Key
A1: Answer Key
A2: Worked answers for the Practice and Quiz tabs.
A4: Day | B4: Open | C4: High | D4: Low | E4: Close | F4: Candle type | G4: Change (Close − Open)
A5: 1 | B5: 20 | C5: 20.44 | D5: 19.89 | E5: 20.38 | F5: =IF(E5>B5,"Bullish",IF(E5<B5,"Bearish","Doji")) -> Bullish | G5: =E5-B5 -> 0.38
A6: 2 | B6: 20.38 | C6: 20.88 | D6: 20.31 | E6: 20.82 | F6: =IF(E6>B6,"Bullish",IF(E6<B6,"Bearish","Doji")) -> Bullish | G6: =E6-B6 -> 0.44
A7: 3 | B7: 20.82 | C7: 21.47 | D7: 20.66 | E7: 21.35 | F7: =IF(E7>B7,"Bullish",IF(E7<B7,"Bearish","Doji")) -> Bullish | G7: =E7-B7 -> 0.53
A8: 4 | B8: 21.35 | C8: 21.67 | D8: 21.28 | E8: 21.54 | F8: =IF(E8>B8,"Bullish",IF(E8<B8,"Bearish","Doji")) -> Bullish | G8: =E8-B8 -> 0.19
A9: 5 | B9: 21.54 | C9: 21.86 | D9: 21.22 | E9: 21.54 | F9: =IF(E9>B9,"Bullish",IF(E9<B9,"Bearish","Doji")) -> Doji | G9: =E9-B9 -> 0
A10: 6 | B10: 21.54 | C10: 21.67 | D10: 21.24 | E10: 21.34 | F10: =IF(E10>B10,"Bullish",IF(E10<B10,"Bearish","Doji")) -> Bearish | G10: =E10-B10 -> -0.2
A11: 7 | B11: 21.34 | C11: 21.47 | D11: 20.66 | E11: 20.77 | F11: =IF(E11>B11,"Bullish",IF(E11<B11,"Bearish","Doji")) -> Bearish | G11: =E11-B11 -> -0.57
A12: 8 | B12: 20.77 | C12: 20.84 | D12: 20.3 | E12: 20.37 | F12: =IF(E12>B12,"Bullish",IF(E12<B12,"Bearish","Doji")) -> Bearish | G12: =E12-B12 -> -0.4
A13: 9 | B13: 20.37 | C13: 20.54 | D13: 19.84 | E13: 19.96 | F13: =IF(E13>B13,"Bullish",IF(E13<B13,"Bearish","Doji")) -> Bearish | G13: =E13-B13 -> -0.41
A14: 10 | B14: 19.96 | C14: 20.29 | D14: 19.86 | E14: 20.15 | F14: =IF(E14>B14,"Bullish",IF(E14<B14,"Bearish","Doji")) -> Bullish | G14: =E14-B14 -> 0.19
A15: 11 | B15: 20.15 | C15: 20.78 | D15: 20.04 | E15: 20.62 | F15: =IF(E15>B15,"Bullish",IF(E15<B15,"Bearish","Doji")) -> Bullish | G15: =E15-B15 -> 0.47
A16: 12 | B16: 20.62 | C16: 20.73 | D16: 20.29 | E16: 20.37 | F16: =IF(E16>B16,"Bullish",IF(E16<B16,"Bearish","Doji")) -> Bearish | G16: =E16-B16 -> -0.25
A22: Quiz answers
A23: 1 | B23: D
A24: 2 | B24: True
A25: 3 | B25: False
A26: 4 | B26: True
A27: 5 | B27: True
