Workbook

Sheet How to Use
A1: Practice: Wicks: Rejection and Pressure
A2: Basics of Candlesticks course · Illustrative practice data (prices in AED)
A4: Your task
A5: 1. Calculate each candle's upper and lower wick as a percentage of its range
A6: 2. Mark a signal where a wick is 50% of the range or more
A7: 3. Compare your answers with the Chart tab
A8: 4. Then answer the five questions on the Quiz tab.
A9: 5. Stuck? The Answer Key tab has every answer worked out.
A11: Legend: yellow cells = your answers. Blue numbers = given data. Check columns show ✓ or 'Try again'.
A12: This workbook is for education only and is not investment advice.

Sheet Practice
A1: Practice: Read the Wicks
A2: Fill in the yellow cells. Check columns update automatically.
A4: Day | B4: Open | C4: High | D4: Low | E4: Close | F4: Upper wick % of range | G4: Check | H4: Lower wick % of range | I4: Check | J4: Signal | K4: Check
A5: 1 | B5: 20 | C5: 20.06 | D5: 19.52 | E5: 19.62 | G5: =IF(F5="","",IF(ROUND(F5,2)=ROUND('Answer Key'!F5,2),"✓","Try again")) | I5: =IF(H5="","",IF(ROUND(H5,2)=ROUND('Answer Key'!G5,2),"✓","Try again")) | K5: =IF(J5="","",IF(J5='Answer Key'!H5,"✓","Try again"))
A6: 2 | B6: 19.62 | C6: 19.68 | D6: 19.11 | E6: 19.18 | G6: =IF(F6="","",IF(ROUND(F6,2)=ROUND('Answer Key'!F6,2),"✓","Try again")) | I6: =IF(H6="","",IF(ROUND(H6,2)=ROUND('Answer Key'!G6,2),"✓","Try again")) | K6: =IF(J6="","",IF(J6='Answer Key'!H6,"✓","Try again"))
A7: 3 | B7: 19.14 | C7: 19.32 | D7: 18.5 | E7: 19.3 | G7: =IF(F7="","",IF(ROUND(F7,2)=ROUND('Answer Key'!F7,2),"✓","Try again")) | I7: =IF(H7="","",IF(ROUND(H7,2)=ROUND('Answer Key'!G7,2),"✓","Try again")) | K7: =IF(J7="","",IF(J7='Answer Key'!H7,"✓","Try again"))
A8: 4 | B8: 19.3 | C8: 19.96 | D8: 19.13 | E8: 19.8 | G8: =IF(F8="","",IF(ROUND(F8,2)=ROUND('Answer Key'!F8,2),"✓","Try again")) | I8: =IF(H8="","",IF(ROUND(H8,2)=ROUND('Answer Key'!G8,2),"✓","Try again")) | K8: =IF(J8="","",IF(J8='Answer Key'!H8,"✓","Try again"))
A9: 5 | B9: 19.8 | C9: 20.46 | D9: 19.72 | E9: 20.37 | G9: =IF(F9="","",IF(ROUND(F9,2)=ROUND('Answer Key'!F9,2),"✓","Try again")) | I9: =IF(H9="","",IF(ROUND(H9,2)=ROUND('Answer Key'!G9,2),"✓","Try again")) | K9: =IF(J9="","",IF(J9='Answer Key'!H9,"✓","Try again"))
A10: 6 | B10: 20.41 | C10: 21.09 | D10: 20.23 | E10: 20.25 | G10: =IF(F10="","",IF(ROUND(F10,2)=ROUND('Answer Key'!F10,2),"✓","Try again")) | I10: =IF(H10="","",IF(ROUND(H10,2)=ROUND('Answer Key'!G10,2),"✓","Try again")) | K10: =IF(J10="","",IF(J10='Answer Key'!H10,"✓","Try again"))
A11: 7 | B11: 20.25 | C11: 20.35 | D11: 19.86 | E11: 19.97 | G11: =IF(F11="","",IF(ROUND(F11,2)=ROUND('Answer Key'!F11,2),"✓","Try again")) | I11: =IF(H11="","",IF(ROUND(H11,2)=ROUND('Answer Key'!G11,2),"✓","Try again")) | K11: =IF(J11="","",IF(J11='Answer Key'!H11,"✓","Try again"))
A12: 8 | B12: 19.97 | C12: 20.59 | D12: 19.85 | E12: 20.48 | G12: =IF(F12="","",IF(ROUND(F12,2)=ROUND('Answer Key'!F12,2),"✓","Try again")) | I12: =IF(H12="","",IF(ROUND(H12,2)=ROUND('Answer Key'!G12,2),"✓","Try again")) | K12: =IF(J12="","",IF(J12='Answer Key'!H12,"✓","Try again"))
A13: 9 | B13: 20.48 | C13: 20.8 | D13: 20.16 | E13: 20.48 | G13: =IF(F13="","",IF(ROUND(F13,2)=ROUND('Answer Key'!F13,2),"✓","Try again")) | I13: =IF(H13="","",IF(ROUND(H13,2)=ROUND('Answer Key'!G13,2),"✓","Try again")) | K13: =IF(J13="","",IF(J13='Answer Key'!H13,"✓","Try again"))
A14: 10 | B14: 20.48 | C14: 20.77 | D14: 20.42 | E14: 20.66 | G14: =IF(F14="","",IF(ROUND(F14,2)=ROUND('Answer Key'!F14,2),"✓","Try again")) | I14: =IF(H14="","",IF(ROUND(H14,2)=ROUND('Answer Key'!G14,2),"✓","Try again")) | K14: =IF(J14="","",IF(J14='Answer Key'!H14,"✓","Try again"))
A15: 11 | B15: 20.62 | C15: 21.34 | D15: 20.6 | E15: 20.78 | G15: =IF(F15="","",IF(ROUND(F15,2)=ROUND('Answer Key'!F15,2),"✓","Try again")) | I15: =IF(H15="","",IF(ROUND(H15,2)=ROUND('Answer Key'!G15,2),"✓","Try again")) | K15: =IF(J15="","",IF(J15='Answer Key'!H15,"✓","Try again"))
A19: A wick of 50% or more of the range = strong rejection.
A21: Score | B21: =(COUNTIF(G5:G15,"✓")+COUNTIF(I5:I15,"✓")+COUNTIF(K5:K15,"✓"))&" / 33 correct" -> 0 / 33 correct

Sheet Quiz
A1: Lesson Quiz
A2: Choose your answers from the dropdowns. Your score updates automatically.
A4: # | B4: Question | C4: Your answer | D4: Check
A5: 1 | B5: After a strong rise, a candle has a long upper wick and a small body near its low. What does the wick suggest? (See the quiz chart in the video.) A) Buyers are getting stronger B) Nothing: wicks don't matter C) Sellers pushed back from higher prices D) The rise is guaranteed to continue | D5: =IF(C5="","",IF(C5='Answer Key'!B22,"✓","Try again"))
A6: 2 | B6: A long lower wick shows buying pressure. | D6: =IF(C6="","",IF(C6='Answer Key'!B23,"✓","Try again"))
A7: 3 | B7: Wicks show prices that held until the close. | D7: =IF(C7="","",IF(C7='Answer Key'!B24,"✓","Try again"))
A8: 4 | B8: A wick half the range or more shows strong rejection. | D8: =IF(C8="","",IF(C8='Answer Key'!B25,"✓","Try again"))
A9: 5 | B9: Wick location doesn't matter. | D9: =IF(C9="","",IF(C9='Answer Key'!B26,"✓","Try again"))
A11: Score | B11: =COUNTIF(D5:D9,"✓")&" / 5 correct" -> 0 / 5 correct

Sheet Chart
A1: Your Data as Candles
A2: Green bars: close above open. Red bars: close below open. Lines show the high and low.

Sheet Answer Key
A1: Answer Key
A2: Worked answers for the Practice and Quiz tabs.
A4: Day | B4: Open | C4: High | D4: Low | E4: Close | F4: Upper wick % of range | G4: Lower wick % of range | H4: Signal
A5: 1 | B5: 20 | C5: 20.06 | D5: 19.52 | E5: 19.62 | F5: =(C5-MAX(B5,E5))/(C5-D5) -> 0.11111111 | G5: =(MIN(B5,E5)-D5)/(C5-D5) -> 0.18518519 | H5: =IF((C5-MAX(B5,E5))/(C5-D5)>=0.5,"Rejection above",IF((MIN(B5,E5)-D5)/(C5-D5)>=0.5,"Rejection below","None")) -> None
A6: 2 | B6: 19.62 | C6: 19.68 | D6: 19.11 | E6: 19.18 | F6: =(C6-MAX(B6,E6))/(C6-D6) -> 0.10526316 | G6: =(MIN(B6,E6)-D6)/(C6-D6) -> 0.12280702 | H6: =IF((C6-MAX(B6,E6))/(C6-D6)>=0.5,"Rejection above",IF((MIN(B6,E6)-D6)/(C6-D6)>=0.5,"Rejection below","None")) -> None
A7: 3 | B7: 19.14 | C7: 19.32 | D7: 18.5 | E7: 19.3 | F7: =(C7-MAX(B7,E7))/(C7-D7) -> 0.024390244 | G7: =(MIN(B7,E7)-D7)/(C7-D7) -> 0.7804878 | H7: =IF((C7-MAX(B7,E7))/(C7-D7)>=0.5,"Rejection above",IF((MIN(B7,E7)-D7)/(C7-D7)>=0.5,"Rejection below","None")) -> Rejection below
A8: 4 | B8: 19.3 | C8: 19.96 | D8: 19.13 | E8: 19.8 | F8: =(C8-MAX(B8,E8))/(C8-D8) -> 0.19277108 | G8: =(MIN(B8,E8)-D8)/(C8-D8) -> 0.20481928 | H8: =IF((C8-MAX(B8,E8))/(C8-D8)>=0.5,"Rejection above",IF((MIN(B8,E8)-D8)/(C8-D8)>=0.5,"Rejection below","None")) -> None
A9: 5 | B9: 19.8 | C9: 20.46 | D9: 19.72 | E9: 20.37 | F9: =(C9-MAX(B9,E9))/(C9-D9) -> 0.12162162 | G9: =(MIN(B9,E9)-D9)/(C9-D9) -> 0.10810811 | H9: =IF((C9-MAX(B9,E9))/(C9-D9)>=0.5,"Rejection above",IF((MIN(B9,E9)-D9)/(C9-D9)>=0.5,"Rejection below","None")) -> None
A10: 6 | B10: 20.41 | C10: 21.09 | D10: 20.23 | E10: 20.25 | F10: =(C10-MAX(B10,E10))/(C10-D10) -> 0.79069767 | G10: =(MIN(B10,E10)-D10)/(C10-D10) -> 0.023255814 | H10: =IF((C10-MAX(B10,E10))/(C10-D10)>=0.5,"Rejection above",IF((MIN(B10,E10)-D10)/(C10-D10)>=0.5,"Rejection below","None")) -> Rejection above
A11: 7 | B11: 20.25 | C11: 20.35 | D11: 19.86 | E11: 19.97 | F11: =(C11-MAX(B11,E11))/(C11-D11) -> 0.20408163 | G11: =(MIN(B11,E11)-D11)/(C11-D11) -> 0.2244898 | H11: =IF((C11-MAX(B11,E11))/(C11-D11)>=0.5,"Rejection above",IF((MIN(B11,E11)-D11)/(C11-D11)>=0.5,"Rejection below","None")) -> None
A12: 8 | B12: 19.97 | C12: 20.59 | D12: 19.85 | E12: 20.48 | F12: =(C12-MAX(B12,E12))/(C12-D12) -> 0.14864865 | G12: =(MIN(B12,E12)-D12)/(C12-D12) -> 0.16216216 | H12: =IF((C12-MAX(B12,E12))/(C12-D12)>=0.5,"Rejection above",IF((MIN(B12,E12)-D12)/(C12-D12)>=0.5,"Rejection below","None")) -> None
A13: 9 | B13: 20.48 | C13: 20.8 | D13: 20.16 | E13: 20.48 | F13: =(C13-MAX(B13,E13))/(C13-D13) -> 0.5 | G13: =(MIN(B13,E13)-D13)/(C13-D13) -> 0.5 | H13: =IF((C13-MAX(B13,E13))/(C13-D13)>=0.5,"Rejection above",IF((MIN(B13,E13)-D13)/(C13-D13)>=0.5,"Rejection below","None")) -> Rejection above
A14: 10 | B14: 20.48 | C14: 20.77 | D14: 20.42 | E14: 20.66 | F14: =(C14-MAX(B14,E14))/(C14-D14) -> 0.31428571 | G14: =(MIN(B14,E14)-D14)/(C14-D14) -> 0.17142857 | H14: =IF((C14-MAX(B14,E14))/(C14-D14)>=0.5,"Rejection above",IF((MIN(B14,E14)-D14)/(C14-D14)>=0.5,"Rejection below","None")) -> None
A15: 11 | B15: 20.62 | C15: 21.34 | D15: 20.6 | E15: 20.78 | F15: =(C15-MAX(B15,E15))/(C15-D15) -> 0.75675676 | G15: =(MIN(B15,E15)-D15)/(C15-D15) -> 0.027027027 | H15: =IF((C15-MAX(B15,E15))/(C15-D15)>=0.5,"Rejection above",IF((MIN(B15,E15)-D15)/(C15-D15)>=0.5,"Rejection below","None")) -> Rejection above
A21: Quiz answers
A22: 1 | B22: C
A23: 2 | B23: True
A24: 3 | B24: False
A25: 4 | B25: True
A26: 5 | B26: False
