Workbook

Sheet How to Use
A1: Practice: Bullish Engulfing
A2: Basics of Candlesticks course · Illustrative practice data (prices in AED)
A4: Your task
A5: 1. Study the daily prices and the Chart tab
A6: 2. For each day, choose the pattern that ends on that day, or None
A7: 3. The Check column marks each answer instantly
A8: 4. Then plan the trade on the Trade Plan tab
A9: 5. Then answer the five questions on the Quiz tab.
A10: 6. Stuck? The Answer Key tab has every answer worked out.
A12: Legend: yellow cells = your answers. Blue numbers = given data. Check columns show ✓ or 'Try again'.
A13: This workbook is for education only and is not investment advice.

Sheet Practice
A1: Practice
A2: Fill in the yellow cells. Check columns update automatically.
A4: Day | B4: Open | C4: High | D4: Low | E4: Close | F4: Pattern on this day | G4: Check
A5: 1 | B5: 20 | C5: 20.06 | D5: 19.52 | E5: 19.62 | G5: =IF(F5="","",IF(F5='Answer Key'!F5,"✓","Try again"))
A6: 2 | B6: 19.62 | C6: 19.68 | D6: 19.11 | E6: 19.18 | G6: =IF(F6="","",IF(F6='Answer Key'!F6,"✓","Try again"))
A7: 3 | B7: 19.18 | C7: 19.3 | D7: 18.49 | E7: 18.65 | G7: =IF(F7="","",IF(F7='Answer Key'!F7,"✓","Try again"))
A8: 4 | B8: 18.65 | C8: 18.71 | D8: 18.35 | E8: 18.41 | G8: =IF(F8="","",IF(F8='Answer Key'!F8,"✓","Try again"))
A9: 5 | B9: 18.35 | C9: 18.89 | D9: 18.29 | E9: 18.83 | G9: =IF(F9="","",IF(F9='Answer Key'!F9,"✓","Try again"))
A10: 6 | B10: 18.83 | C10: 19.34 | D10: 18.72 | E10: 19.26 | G10: =IF(F10="","",IF(F10='Answer Key'!F10,"✓","Try again"))
A11: 7 | B11: 19.26 | C11: 19.96 | D11: 19.13 | E11: 19.84 | G11: =IF(F11="","",IF(F11='Answer Key'!F11,"✓","Try again"))
A12: 8 | B12: 19.84 | C12: 20.18 | D12: 19.74 | E12: 20.09 | G12: =IF(F12="","",IF(F12='Answer Key'!F12,"✓","Try again"))
A13: 9 | B13: 20.09 | C13: 20.39 | D13: 20.03 | E13: 20.33 | G13: =IF(F13="","",IF(F13='Answer Key'!F13,"✓","Try again"))
A14: 10 | B14: 20.39 | C14: 20.45 | D14: 19.85 | E14: 19.91 | G14: =IF(F14="","",IF(F14='Answer Key'!F14,"✓","Try again"))
A15: 11 | B15: 19.91 | C15: 19.99 | D15: 19.22 | E15: 19.39 | G15: =IF(F15="","",IF(F15='Answer Key'!F15,"✓","Try again"))
A16: 12 | B16: 19.39 | C16: 19.46 | D16: 18.83 | E16: 19.01 | G16: =IF(F16="","",IF(F16='Answer Key'!F16,"✓","Try again"))
... A20: 16 | B20: 19.76 | C20: 20.39 | D20: 19.58 | E20: 20.29 | G20: =IF(F20="","",IF(F20='Answer Key'!F20,"✓","Try again"))
A24: Two-candle patterns are marked on the second candle, the day the pattern completes.
A26: Score | B26: =(COUNTIF(G5:G20,"✓"))&" / 16 correct" -> 0 / 16 correct

Sheet Trade Plan
A1: Trade Plan: Bullish engulfing
A2: Stop = 0.05 beyond the pattern's extreme. Target = 2 × risk (1:2). Fill in the yellow cells.
A4: Setup | B4: Direction | C4: Pattern high | D4: Pattern low | E4: Entry | F4: Stop-loss | G4: Check | H4: Risk per share | I4: Check | J4: Target (1:2) | K4: Check
A5: Worked example | B5: Long | C5: 18.01 | D5: 17.41 | E5: 18.37 | G5: =IF(F5="","",IF(ROUND(F5,2)=ROUND(B21,2),"✓","Try again")) | I5: =IF(H5="","",IF(ROUND(H5,2)=ROUND(C21,2),"✓","Try again")) | K5: =IF(J5="","",IF(ROUND(J5,2)=ROUND(D21,2),"✓","Try again"))
A6: Practice A | B6: Long | C6: 20.4 | D6: 19.8 | E6: 20.55 | G6: =IF(F6="","",IF(ROUND(F6,2)=ROUND(B22,2),"✓","Try again")) | I6: =IF(H6="","",IF(ROUND(H6,2)=ROUND(C22,2),"✓","Try again")) | K6: =IF(J6="","",IF(ROUND(J6,2)=ROUND(D22,2),"✓","Try again"))
A7: Practice B | B7: Short | C7: 21.2 | D7: 20.6 | E7: 20.45 | G7: =IF(F7="","",IF(ROUND(F7,2)=ROUND(B23,2),"✓","Try again")) | I7: =IF(H7="","",IF(ROUND(H7,2)=ROUND(C23,2),"✓","Try again")) | K7: =IF(J7="","",IF(ROUND(J7,2)=ROUND(D23,2),"✓","Try again"))
A8: Practice C | B8: Long | C8: 8.36 | D8: 8.02 | E8: 8.42 | G8: =IF(F8="","",IF(ROUND(F8,2)=ROUND(B24,2),"✓","Try again")) | I8: =IF(H8="","",IF(ROUND(H8,2)=ROUND(C24,2),"✓","Try again")) | K8: =IF(J8="","",IF(ROUND(J8,2)=ROUND(D24,2),"✓","Try again"))
A10: Score | B10: =(COUNTIF(G5:G8,"✓")+COUNTIF(I5:I8,"✓")+COUNTIF(K5:K8,"✓"))&" / 12 correct" -> 0 / 12 correct
A12: Short trades: short selling isn't available for every stock or broker. If you can't short, use bearish signals to exit or avoid long positions.
A13: Answers are shown further down. Try first, then check!
A19: Answers
A20: Setup | B20: Stop-loss | C20: Risk per share | D20: Target (1:2)
A21: Worked example | B21: =IF(B5="Long",D5-0.05,C5+0.05) -> 17.36 | C21: =ABS(E5-(IF(B5="Long",D5-0.05,C5+0.05))) -> 1.01 | D21: =IF(B5="Long",E5+2*ABS(E5-(IF(B5="Long",D5-0.05,C5+0.05))),E5-2*ABS(E5-(IF(B5="Long",D5-0.05,C5+0.05)))) -> 20.39
A22: Practice A | B22: =IF(B6="Long",D6-0.05,C6+0.05) -> 19.75 | C22: =ABS(E6-(IF(B6="Long",D6-0.05,C6+0.05))) -> 0.8 | D22: =IF(B6="Long",E6+2*ABS(E6-(IF(B6="Long",D6-0.05,C6+0.05))),E6-2*ABS(E6-(IF(B6="Long",D6-0.05,C6+0.05)))) -> 22.15
A23: Practice B | B23: =IF(B7="Long",D7-0.05,C7+0.05) -> 21.25 | C23: =ABS(E7-(IF(B7="Long",D7-0.05,C7+0.05))) -> 0.8 | D23: =IF(B7="Long",E7+2*ABS(E7-(IF(B7="Long",D7-0.05,C7+0.05))),E7-2*ABS(E7-(IF(B7="Long",D7-0.05,C7+0.05)))) -> 18.85
A24: Practice C | B24: =IF(B8="Long",D8-0.05,C8+0.05) -> 7.97 | C24: =ABS(E8-(IF(B8="Long",D8-0.05,C8+0.05))) -> 0.45 | D24: =IF(B8="Long",E8+2*ABS(E8-(IF(B8="Long",D8-0.05,C8+0.05))),E8-2*ABS(E8-(IF(B8="Long",D8-0.05,C8+0.05)))) -> 9.32

Sheet Quiz
A1: Lesson Quiz
A2: Choose your answers from the dropdowns. Your score updates automatically.
A4: # | B4: Question | C4: Your answer | D4: Check
A5: 1 | B5: After a fall, a green candle opens below the red candle's close and closes above its open. What is it? (See the quiz chart in the video.) A) Bearish engulfing B) Bullish engulfing C) Bullish harami D) Piercing line | D5: =IF(C5="","",IF(C5='Answer Key'!B27,"✓","Try again"))
A6: 2 | B6: A bullish engulfing has a red candle then a green candle. | D6: =IF(C6="","",IF(C6='Answer Key'!B28,"✓","Try again"))
A7: 3 | B7: The green body must cover the whole red body. | D7: =IF(C7="","",IF(C7='Answer Key'!B29,"✓","Try again"))
A8: 4 | B8: It works best in a sideways market. | D8: =IF(C8="","",IF(C8='Answer Key'!B30,"✓","Try again"))
A9: 5 | B9: Higher volume on the green candle adds conviction. | D9: =IF(C9="","",IF(C9='Answer Key'!B31,"✓","Try again"))
A11: Score | B11: =COUNTIF(D5:D9,"✓")&" / 5 correct" -> 0 / 5 correct

Sheet Chart
A1: Your Data as Candles
A2: Green bars: close above open. Red bars: close below open. Lines show the high and low.

Sheet Answer Key
A1: Answer Key
A2: Worked answers for the Practice and Quiz tabs.
A4: Day | B4: Open | C4: High | D4: Low | E4: Close | F4: Pattern on this day
A5: 1 | B5: 20 | C5: 20.06 | D5: 19.52 | E5: 19.62 | F5: None
A6: 2 | B6: 19.62 | C6: 19.68 | D6: 19.11 | E6: 19.18 | F6: None
A7: 3 | B7: 19.18 | C7: 19.3 | D7: 18.49 | E7: 18.65 | F7: None
A8: 4 | B8: 18.65 | C8: 18.71 | D8: 18.35 | E8: 18.41 | F8: None
A9: 5 | B9: 18.35 | C9: 18.89 | D9: 18.29 | E9: 18.83 | F9: Bullish engulfing
A10: 6 | B10: 18.83 | C10: 19.34 | D10: 18.72 | E10: 19.26 | F10: None
A11: 7 | B11: 19.26 | C11: 19.96 | D11: 19.13 | E11: 19.84 | F11: None
A12: 8 | B12: 19.84 | C12: 20.18 | D12: 19.74 | E12: 20.09 | F12: None
A13: 9 | B13: 20.09 | C13: 20.39 | D13: 20.03 | E13: 20.33 | F13: None
A14: 10 | B14: 20.39 | C14: 20.45 | D14: 19.85 | E14: 19.91 | F14: Bearish engulfing
A15: 11 | B15: 19.91 | C15: 19.99 | D15: 19.22 | E15: 19.39 | F15: None
A16: 12 | B16: 19.39 | C16: 19.46 | D16: 18.83 | E16: 19.01 | F16: None
... A20: 16 | B20: 19.76 | C20: 20.39 | D20: 19.58 | E20: 20.29 | F20: None
A22: Pattern answers are set by the course for this illustrative data.
A26: Quiz answers
A27: 1 | B27: B
A28: 2 | B28: True
A29: 3 | B29: True
A30: 4 | B30: False
A31: 5 | B31: True
