Workbook

Sheet How to Use
A1: Practice: Identifying the Trend
A2: Basics of Candlesticks course · Illustrative practice data (prices in AED)
A4: Your task
A5: 1. For each day, compare its high with the previous day's high
A6: 2. Then compare its low with the previous day's low
A7: 3. Count the higher highs and higher lows to judge the trend
A8: 4. Then answer the five questions on the Quiz tab.
A9: 5. Stuck? The Answer Key tab has every answer worked out.
A11: Legend: yellow cells = your answers. Blue numbers = given data. Check columns show ✓ or 'Try again'.
A12: This workbook is for education only and is not investment advice.

Sheet Practice
A1: Practice: Higher Highs and Higher Lows
A2: Fill in the yellow cells. Check columns update automatically.
A4: Day | B4: Open | C4: High | D4: Low | E4: Close | F4: Higher high? | G4: Check | H4: Higher low? | I4: Check
A5: 1 | B5: 20 | C5: 20.44 | D5: 19.89 | E5: 20.38 | F5: n/a | H5: n/a
A6: 2 | B6: 20.38 | C6: 20.88 | D6: 20.31 | E6: 20.82 | G6: =IF(F6="","",IF(F6='Answer Key'!F6,"✓","Try again")) | I6: =IF(H6="","",IF(H6='Answer Key'!G6,"✓","Try again"))
A7: 3 | B7: 20.82 | C7: 20.92 | D7: 20.43 | E7: 20.57 | G7: =IF(F7="","",IF(F7='Answer Key'!F7,"✓","Try again")) | I7: =IF(H7="","",IF(H7='Answer Key'!G7,"✓","Try again"))
A8: 4 | B8: 20.57 | C8: 21.13 | D8: 20.48 | E8: 20.97 | G8: =IF(F8="","",IF(F8='Answer Key'!F8,"✓","Try again")) | I8: =IF(H8="","",IF(H8='Answer Key'!G8,"✓","Try again"))
A9: 5 | B9: 20.97 | C9: 21.54 | D9: 20.81 | E9: 21.45 | G9: =IF(F9="","",IF(F9='Answer Key'!F9,"✓","Try again")) | I9: =IF(H9="","",IF(H9='Answer Key'!G9,"✓","Try again"))
A10: 6 | B10: 21.45 | C10: 21.58 | D10: 21.09 | E10: 21.2 | G10: =IF(F10="","",IF(F10='Answer Key'!F10,"✓","Try again")) | I10: =IF(H10="","",IF(H10='Answer Key'!G10,"✓","Try again"))
A11: 7 | B11: 21.2 | C11: 21.76 | D11: 21.13 | E11: 21.69 | G11: =IF(F11="","",IF(F11='Answer Key'!F11,"✓","Try again")) | I11: =IF(H11="","",IF(H11='Answer Key'!G11,"✓","Try again"))
A12: 8 | B12: 21.69 | C12: 22 | D12: 21.55 | E12: 21.94 | G12: =IF(F12="","",IF(F12='Answer Key'!F12,"✓","Try again")) | I12: =IF(H12="","",IF(H12='Answer Key'!G12,"✓","Try again"))
A13: 9 | B13: 21.94 | C13: 22 | D13: 21.61 | E13: 21.76 | G13: =IF(F13="","",IF(F13='Answer Key'!F13,"✓","Try again")) | I13: =IF(H13="","",IF(H13='Answer Key'!G13,"✓","Try again"))
A14: 10 | B14: 21.76 | C14: 22.38 | D14: 21.6 | E14: 22.27 | G14: =IF(F14="","",IF(F14='Answer Key'!F14,"✓","Try again")) | I14: =IF(H14="","",IF(H14='Answer Key'!G14,"✓","Try again"))
A18: Day 1 has no previous day, so it's marked n/a.
A20: Score | B20: =(COUNTIF(G5:G14,"✓")+COUNTIF(I5:I14,"✓"))&" / 18 correct" -> 0 / 18 correct

Sheet Quiz
A1: Lesson Quiz
A2: Choose your answers from the dropdowns. Your score updates automatically.
A4: # | B4: Question | C4: Your answer | D4: Check
A5: 1 | B5: Each rally peaks lower than the last, and each fall goes lower than the last low. What is the trend? (See the quiz chart in the video.) A) Uptrend B) Downtrend C) Sideways D) No trend can be seen | D5: =IF(C5="","",IF(C5='Answer Key'!B21,"✓","Try again"))
A6: 2 | B6: An uptrend makes higher highs and higher lows. | D6: =IF(C6="","",IF(C6='Answer Key'!B22,"✓","Try again"))
A7: 3 | B7: A lower low can signal an uptrend is ending. | D7: =IF(C7="","",IF(C7='Answer Key'!B23,"✓","Try again"))
A8: 4 | B8: Patterns work equally well in every market. | D8: =IF(C8="","",IF(C8='Answer Key'!B24,"✓","Try again"))
A9: 5 | B9: A hammer needs a downtrend to reverse. | D9: =IF(C9="","",IF(C9='Answer Key'!B25,"✓","Try again"))
A11: Score | B11: =COUNTIF(D5:D9,"✓")&" / 5 correct" -> 0 / 5 correct

Sheet Chart
A1: Your Data as Candles
A2: Green bars: close above open. Red bars: close below open. Lines show the high and low.

Sheet Answer Key
A1: Answer Key
A2: Worked answers for the Practice and Quiz tabs.
A4: Day | B4: Open | C4: High | D4: Low | E4: Close | F4: Higher high? | G4: Higher low?
A5: 1 | B5: 20 | C5: 20.44 | D5: 19.89 | E5: 20.38 | F5: n/a | G5: n/a
A6: 2 | B6: 20.38 | C6: 20.88 | D6: 20.31 | E6: 20.82 | F6: =IF(C6>C5,"Yes","No") -> Yes | G6: =IF(D6>D5,"Yes","No") -> Yes
A7: 3 | B7: 20.82 | C7: 20.92 | D7: 20.43 | E7: 20.57 | F7: =IF(C7>C6,"Yes","No") -> Yes | G7: =IF(D7>D6,"Yes","No") -> Yes
A8: 4 | B8: 20.57 | C8: 21.13 | D8: 20.48 | E8: 20.97 | F8: =IF(C8>C7,"Yes","No") -> Yes | G8: =IF(D8>D7,"Yes","No") -> Yes
A9: 5 | B9: 20.97 | C9: 21.54 | D9: 20.81 | E9: 21.45 | F9: =IF(C9>C8,"Yes","No") -> Yes | G9: =IF(D9>D8,"Yes","No") -> Yes
A10: 6 | B10: 21.45 | C10: 21.58 | D10: 21.09 | E10: 21.2 | F10: =IF(C10>C9,"Yes","No") -> Yes | G10: =IF(D10>D9,"Yes","No") -> Yes
A11: 7 | B11: 21.2 | C11: 21.76 | D11: 21.13 | E11: 21.69 | F11: =IF(C11>C10,"Yes","No") -> Yes | G11: =IF(D11>D10,"Yes","No") -> Yes
A12: 8 | B12: 21.69 | C12: 22 | D12: 21.55 | E12: 21.94 | F12: =IF(C12>C11,"Yes","No") -> Yes | G12: =IF(D12>D11,"Yes","No") -> Yes
A13: 9 | B13: 21.94 | C13: 22 | D13: 21.61 | E13: 21.76 | F13: =IF(C13>C12,"Yes","No") -> No | G13: =IF(D13>D12,"Yes","No") -> Yes
A14: 10 | B14: 21.76 | C14: 22.38 | D14: 21.6 | E14: 22.27 | F14: =IF(C14>C13,"Yes","No") -> Yes | G14: =IF(D14>D13,"Yes","No") -> No
A20: Quiz answers
A21: 1 | B21: B
A22: 2 | B22: True
A23: 3 | B23: True
A24: 4 | B24: False
A25: 5 | B25: True
