Workbook

Sheet How to Use
A1: Practice: Pattern Location
A2: Basics of Candlesticks course · Illustrative practice data (prices in AED)
A4: Your task
A5: 1. Read each setup: the pattern, its type and where it formed
A6: 2. Decide whether it's Higher or Lower quality
A7: 3. Check your answers instantly
A8: 4. Then answer the five questions on the Quiz tab.
A9: 5. Stuck? The Answer Key tab has every answer worked out.
A11: Legend: yellow cells = your answers. Blue numbers = given data. Check columns show ✓ or 'Try again'.
A12: This workbook is for education only and is not investment advice.

Sheet Practice
A1: Practice: Score the Location
A2: Fill in the yellow cells. Check columns update automatically.
A4: Setup | B4: Pattern | C4: Signal | D4: Location | E4: Quality | F4: Check
A5: A | B5: Hammer | C5: Bullish | D5: At support | F5: =IF(E5="","",IF(E5='Answer Key'!E5,"✓","Try again"))
A6: B | B6: Shooting star | C6: Bearish | D6: At resistance | F6: =IF(E6="","",IF(E6='Answer Key'!E6,"✓","Try again"))
A7: C | B7: Bullish engulfing | C7: Bullish | D7: Mid-range | F7: =IF(E7="","",IF(E7='Answer Key'!E7,"✓","Try again"))
A8: D | B8: Evening star | C8: Bearish | D8: At support | F8: =IF(E8="","",IF(E8='Answer Key'!E8,"✓","Try again"))
A9: E | B9: Morning star | C9: Bullish | D9: At support | F9: =IF(E9="","",IF(E9='Answer Key'!E9,"✓","Try again"))
A10: F | B10: Bearish engulfing | C10: Bearish | D10: Mid-range | F10: =IF(E10="","",IF(E10='Answer Key'!E10,"✓","Try again"))
A11: G | B11: Hammer | C11: Bullish | D11: At resistance | F11: =IF(E11="","",IF(E11='Answer Key'!E11,"✓","Try again"))
A12: H | B12: Dark cloud cover | C12: Bearish | D12: At resistance | F12: =IF(E12="","",IF(E12='Answer Key'!E12,"✓","Try again"))
A14: Score | B14: =(COUNTIF(F5:F12,"✓"))&" / 8 correct" -> 0 / 8 correct

Sheet Quiz
A1: Lesson Quiz
A2: Choose your answers from the dropdowns. Your score updates automatically.
A4: # | B4: Question | C4: Your answer | D4: Check
A5: 1 | B5: Which of these setups is the higher-quality one? A) Hammer at support after a fall B) Shooting star at support C) Hammer mid-range D) Bullish engulfing at resistance | D5: =IF(C5="","",IF(C5='Answer Key'!B19,"✓","Try again"))
A6: 2 | B6: Location matters more than a perfect shape. | D6: =IF(C6="","",IF(C6='Answer Key'!B20,"✓","Try again"))
A7: 3 | B7: Bearish patterns belong at support. | D7: =IF(C7="","",IF(C7='Answer Key'!B21,"✓","Try again"))
A8: 4 | B8: Patterns mid-range are high quality. | D8: =IF(C8="","",IF(C8='Answer Key'!B22,"✓","Try again"))
A9: 5 | B9: A hammer at support after a fall is high quality. | D9: =IF(C9="","",IF(C9='Answer Key'!B23,"✓","Try again"))
A11: Score | B11: =COUNTIF(D5:D9,"✓")&" / 5 correct" -> 0 / 5 correct

Sheet Answer Key
A1: Answer Key
A2: Worked answers for the Practice and Quiz tabs.
A4: Setup | B4: Pattern | C4: Signal | D4: Location | E4: Quality
A5: A | B5: Hammer | C5: Bullish | D5: At support | E5: =IF(OR(AND(C5="Bullish",D5="At support"),AND(C5="Bearish",D5="At resistance")),"Higher","Lower") -> Higher
A6: B | B6: Shooting star | C6: Bearish | D6: At resistance | E6: =IF(OR(AND(C6="Bullish",D6="At support"),AND(C6="Bearish",D6="At resistance")),"Higher","Lower") -> Higher
A7: C | B7: Bullish engulfing | C7: Bullish | D7: Mid-range | E7: =IF(OR(AND(C7="Bullish",D7="At support"),AND(C7="Bearish",D7="At resistance")),"Higher","Lower") -> Lower
A8: D | B8: Evening star | C8: Bearish | D8: At support | E8: =IF(OR(AND(C8="Bullish",D8="At support"),AND(C8="Bearish",D8="At resistance")),"Higher","Lower") -> Lower
A9: E | B9: Morning star | C9: Bullish | D9: At support | E9: =IF(OR(AND(C9="Bullish",D9="At support"),AND(C9="Bearish",D9="At resistance")),"Higher","Lower") -> Higher
A10: F | B10: Bearish engulfing | C10: Bearish | D10: Mid-range | E10: =IF(OR(AND(C10="Bullish",D10="At support"),AND(C10="Bearish",D10="At resistance")),"Higher","Lower") -> Lower
A11: G | B11: Hammer | C11: Bullish | D11: At resistance | E11: =IF(OR(AND(C11="Bullish",D11="At support"),AND(C11="Bearish",D11="At resistance")),"Higher","Lower") -> Lower
A12: H | B12: Dark cloud cover | C12: Bearish | D12: At resistance | E12: =IF(OR(AND(C12="Bullish",D12="At support"),AND(C12="Bearish",D12="At resistance")),"Higher","Lower") -> Higher
A18: Quiz answers
A19: 1 | B19: A
A20: 2 | B20: True
A21: 3 | B21: False
A22: 4 | B22: False
A23: 5 | B23: True
