Workbook

Sheet How to Use
A1: Practice: Volume as Confirmation
A2: Basics of Candlesticks course · Illustrative practice data (prices in AED)
A4: Your task
A5: 1. Calculate each day's volume compared with the previous 5-day average
A6: 2. Mark High volume where it's 1.5 times the average or more
A7: 3. See which pattern days were confirmed
A8: 4. Then answer the five questions on the Quiz tab.
A9: 5. Stuck? The Answer Key tab has every answer worked out.
A11: Legend: yellow cells = your answers. Blue numbers = given data. Check columns show ✓ or 'Try again'.
A12: This workbook is for education only and is not investment advice.

Sheet Practice
A1: Practice: Is Volume High?
A2: Fill in the yellow cells. Check columns update automatically.
A4: Day | B4: Open | C4: High | D4: Low | E4: Close | F4: Volume | G4: Volume vs 5-day average | H4: Check | I4: High volume? | J4: Check
A5: 1 | B5: 20 | C5: 20.44 | D5: 19.89 | E5: 20.38 | F5: 1120000 | G5: n/a | I5: n/a
A6: 2 | B6: 20.38 | C6: 20.64 | D6: 20.32 | E6: 20.59 | F6: 1146000 | G6: n/a | I6: n/a
A7: 3 | B7: 20.59 | C7: 20.71 | D7: 19.9 | E7: 20.06 | F7: 1279000 | G7: n/a | I7: n/a
A8: 4 | B8: 20.06 | C8: 20.38 | D8: 19.99 | E8: 20.25 | F8: 973000 | G8: n/a | I8: n/a
A9: 5 | B9: 20.25 | C9: 20.32 | D9: 19.89 | E9: 20.02 | F9: 1115000 | G9: n/a | I9: n/a
A10: 6 | B10: 20.02 | C10: 20.18 | D10: 19.37 | E10: 19.49 | F10: 1060000 | H10: =IF(G10="","",IF(ROUND(G10,2)=ROUND('Answer Key'!G10,2),"✓","Try again")) | J10: =IF(I10="","",IF(I10='Answer Key'!H10,"✓","Try again"))
A11: 7 | B11: 19.49 | C11: 19.56 | D11: 18.93 | E11: 19 | F11: 916000 | H11: =IF(G11="","",IF(ROUND(G11,2)=ROUND('Answer Key'!G11,2),"✓","Try again")) | J11: =IF(I11="","",IF(I11='Answer Key'!H11,"✓","Try again"))
A12: 8 | B12: 18.96 | C12: 19.14 | D12: 18.32 | E12: 19.12 | F12: 2931000 | H12: =IF(G12="","",IF(ROUND(G12,2)=ROUND('Answer Key'!G12,2),"✓","Try again")) | J12: =IF(I12="","",IF(I12='Answer Key'!H12,"✓","Try again"))
A13: 9 | B13: 19.12 | C13: 19.7 | D13: 19 | E13: 19.53 | F13: 915000 | H13: =IF(G13="","",IF(ROUND(G13,2)=ROUND('Answer Key'!G13,2),"✓","Try again")) | J13: =IF(I13="","",IF(I13='Answer Key'!H13,"✓","Try again"))
A14: 10 | B14: 19.53 | C14: 20.1 | D14: 19.4 | E14: 19.93 | F14: 1120000 | H14: =IF(G14="","",IF(ROUND(G14,2)=ROUND('Answer Key'!G14,2),"✓","Try again")) | J14: =IF(I14="","",IF(I14='Answer Key'!H14,"✓","Try again"))
A15: 11 | B15: 19.93 | C15: 20.29 | D15: 19.84 | E15: 20.16 | F15: 1173000 | H15: =IF(G15="","",IF(ROUND(G15,2)=ROUND('Answer Key'!G15,2),"✓","Try again")) | J15: =IF(I15="","",IF(I15='Answer Key'!H15,"✓","Try again"))
A16: 12 | B16: 20.2 | C16: 20.88 | D16: 20.02 | E16: 20.04 | F16: 798000 | H16: =IF(G16="","",IF(ROUND(G16,2)=ROUND('Answer Key'!G16,2),"✓","Try again")) | J16: =IF(I16="","",IF(I16='Answer Key'!H16,"✓","Try again"))
A17: 13 | B17: 20.04 | C17: 20.14 | D17: 19.33 | E17: 19.51 | F17: 1169000 | H17: =IF(G17="","",IF(ROUND(G17,2)=ROUND('Answer Key'!G17,2),"✓","Try again")) | J17: =IF(I17="","",IF(I17='Answer Key'!H17,"✓","Try again"))
A18: 14 | B18: 19.51 | C18: 20.12 | D18: 19.42 | E18: 20.02 | F18: 915000 | H18: =IF(G18="","",IF(ROUND(G18,2)=ROUND('Answer Key'!G18,2),"✓","Try again")) | J18: =IF(I18="","",IF(I18='Answer Key'!H18,"✓","Try again"))
A22: The first five days don't have five previous days, so they're marked n/a.
A24: Score | B24: =(COUNTIF(H5:H18,"✓")+COUNTIF(J5:J18,"✓"))&" / 18 correct" -> 0 / 18 correct

Sheet Quiz
A1: Lesson Quiz
A2: Choose your answers from the dropdowns. Your score updates automatically.
A4: # | B4: Question | C4: Your answer | D4: Check
A5: 1 | B5: Two bullish engulfing patterns form at support. Which one is more convincing? A) The one on half the average volume B) They're exactly the same C) Volume doesn't matter for patterns D) The one on 2.5 times the average volume | D5: =IF(C5="","",IF(C5='Answer Key'!B25,"✓","Try again"))
A6: 2 | B6: Volume is the number of shares traded. | D6: =IF(C6="","",IF(C6='Answer Key'!B26,"✓","Try again"))
A7: 3 | B7: Volume should be compared with its recent average. | D7: =IF(C7="","",IF(C7='Answer Key'!B27,"✓","Try again"))
A8: 4 | B8: A pattern on low volume is more reliable. | D8: =IF(C8="","",IF(C8='Answer Key'!B28,"✓","Try again"))
A9: 5 | B9: Rallies on falling volume can run out of steam. | D9: =IF(C9="","",IF(C9='Answer Key'!B29,"✓","Try again"))
A11: Score | B11: =COUNTIF(D5:D9,"✓")&" / 5 correct" -> 0 / 5 correct

Sheet Chart
A1: Your Data as Candles
A2: Green bars: close above open. Red bars: close below open. Lines show the high and low.

Sheet Answer Key
A1: Answer Key
A2: Worked answers for the Practice and Quiz tabs.
A4: Day | B4: Open | C4: High | D4: Low | E4: Close | F4: Volume | G4: Volume vs 5-day average | H4: High volume?
A5: 1 | B5: 20 | C5: 20.44 | D5: 19.89 | E5: 20.38 | F5: 1120000 | G5: n/a | H5: n/a
A6: 2 | B6: 20.38 | C6: 20.64 | D6: 20.32 | E6: 20.59 | F6: 1146000 | G6: n/a | H6: n/a
A7: 3 | B7: 20.59 | C7: 20.71 | D7: 19.9 | E7: 20.06 | F7: 1279000 | G7: n/a | H7: n/a
A8: 4 | B8: 20.06 | C8: 20.38 | D8: 19.99 | E8: 20.25 | F8: 973000 | G8: n/a | H8: n/a
A9: 5 | B9: 20.25 | C9: 20.32 | D9: 19.89 | E9: 20.02 | F9: 1115000 | G9: n/a | H9: n/a
A10: 6 | B10: 20.02 | C10: 20.18 | D10: 19.37 | E10: 19.49 | F10: 1060000 | G10: =F10/AVERAGE(F5:F9) -> 0.94088408 | H10: =IF(F10/AVERAGE(F5:F9)>=1.5,"Yes","No") -> No
A11: 7 | B11: 19.49 | C11: 19.56 | D11: 18.93 | E11: 19 | F11: 916000 | G11: =F11/AVERAGE(F6:F10) -> 0.82181949 | H11: =IF(F11/AVERAGE(F6:F10)>=1.5,"Yes","No") -> No
A12: 8 | B12: 18.96 | C12: 19.14 | D12: 18.32 | E12: 19.12 | F12: 2931000 | G12: =F12/AVERAGE(F7:F11) -> 2.7428411 | H12: =IF(F12/AVERAGE(F7:F11)>=1.5,"Yes","No") -> Yes
A13: 9 | B13: 19.12 | C13: 19.7 | D13: 19 | E13: 19.53 | F13: 915000 | G13: =F13/AVERAGE(F8:F12) -> 0.6540386 | H13: =IF(F13/AVERAGE(F8:F12)>=1.5,"Yes","No") -> No
A14: 10 | B14: 19.53 | C14: 20.1 | D14: 19.4 | E14: 19.93 | F14: 1120000 | G14: =F14/AVERAGE(F9:F13) -> 0.80726539 | H14: =IF(F14/AVERAGE(F9:F13)>=1.5,"Yes","No") -> No
A15: 11 | B15: 19.93 | C15: 20.29 | D15: 19.84 | E15: 20.16 | F15: 1173000 | G15: =F15/AVERAGE(F10:F14) -> 0.84485739 | H15: =IF(F15/AVERAGE(F10:F14)>=1.5,"Yes","No") -> No
A16: 12 | B16: 20.2 | C16: 20.88 | D16: 20.02 | E16: 20.04 | F16: 798000 | G16: =F16/AVERAGE(F11:F15) -> 0.56555634 | H16: =IF(F16/AVERAGE(F11:F15)>=1.5,"Yes","No") -> No
A17: 13 | B17: 20.04 | C17: 20.14 | D17: 19.33 | E17: 19.51 | F17: 1169000 | G17: =F17/AVERAGE(F12:F16) -> 0.84258325 | H17: =IF(F17/AVERAGE(F12:F16)>=1.5,"Yes","No") -> No
A18: 14 | B18: 19.51 | C18: 20.12 | D18: 19.42 | E18: 20.02 | F18: 915000 | G18: =F18/AVERAGE(F13:F17) -> 0.88405797 | H18: =IF(F18/AVERAGE(F13:F17)>=1.5,"Yes","No") -> No
A24: Quiz answers
A25: 1 | B25: D
A26: 2 | B26: True
A27: 3 | B27: True
A28: 4 | B28: False
A29: 5 | B29: True
