Workbook

Sheet How to Use
A1: Practice: Stop-Loss Placement
A2: Basics of Candlesticks course · Illustrative practice data (prices in AED)
A4: Your task
A5: 1. Read each setup's entry, pattern low and buffer
A6: 2. Calculate the stop-loss and the risk per share
A7: 3. Check your answers instantly
A8: 4. Then answer the five questions on the Quiz tab.
A9: 5. Stuck? The Answer Key tab has every answer worked out.
A11: Legend: yellow cells = your answers. Blue numbers = given data. Check columns show ✓ or 'Try again'.
A12: This workbook is for education only and is not investment advice.

Sheet Practice
A1: Practice: Place the Stop
A2: Fill in the yellow cells. Check columns update automatically.
A4: Setup | B4: Entry | C4: Pattern low | D4: Buffer (AED) | E4: Stop-loss | F4: Check | G4: Risk per share | H4: Check
A5: A | B5: 20.45 | C5: 19.8 | D5: 0.05 | F5: =IF(E5="","",IF(ROUND(E5,2)=ROUND('Answer Key'!E5,2),"✓","Try again")) | H5: =IF(G5="","",IF(ROUND(G5,2)=ROUND('Answer Key'!F5,2),"✓","Try again"))
A6: B | B6: 15.87 | C6: 15.3 | D6: 0.05 | F6: =IF(E6="","",IF(ROUND(E6,2)=ROUND('Answer Key'!E6,2),"✓","Try again")) | H6: =IF(G6="","",IF(ROUND(G6,2)=ROUND('Answer Key'!F6,2),"✓","Try again"))
A7: C | B7: 8.38 | C7: 8.02 | D7: 0.02 | F7: =IF(E7="","",IF(ROUND(E7,2)=ROUND('Answer Key'!E7,2),"✓","Try again")) | H7: =IF(G7="","",IF(ROUND(G7,2)=ROUND('Answer Key'!F7,2),"✓","Try again"))
A8: D | B8: 31.2 | C8: 30.25 | D8: 0.1 | F8: =IF(E8="","",IF(ROUND(E8,2)=ROUND('Answer Key'!E8,2),"✓","Try again")) | H8: =IF(G8="","",IF(ROUND(G8,2)=ROUND('Answer Key'!F8,2),"✓","Try again"))
A9: E | B9: 12.6 | C9: 12.22 | D9: 0.02 | F9: =IF(E9="","",IF(ROUND(E9,2)=ROUND('Answer Key'!E9,2),"✓","Try again")) | H9: =IF(G9="","",IF(ROUND(G9,2)=ROUND('Answer Key'!F9,2),"✓","Try again"))
A10: F | B10: 5.75 | C10: 5.52 | D10: 0.01 | F10: =IF(E10="","",IF(ROUND(E10,2)=ROUND('Answer Key'!E10,2),"✓","Try again")) | H10: =IF(G10="","",IF(ROUND(G10,2)=ROUND('Answer Key'!F10,2),"✓","Try again"))
A12: Score | B12: =(COUNTIF(F5:F10,"✓")+COUNTIF(H5:H10,"✓"))&" / 12 correct" -> 0 / 12 correct

Sheet Quiz
A1: Lesson Quiz
A2: Choose your answers from the dropdowns. Your score updates automatically.
A4: # | B4: Question | C4: Your answer | D4: Check
A5: 1 | B5: You enter after a hammer with a low of 19.80. Where is a sensible stop-loss? A) 19.75, just below the low B) 19.95, inside the wick C) 20.50, above the entry D) No stop is needed | D5: =IF(C5="","",IF(C5='Answer Key'!B17,"✓","Try again"))
A6: 2 | B6: A stop-loss should be where your idea is proven wrong. | D6: =IF(C6="","",IF(C6='Answer Key'!B18,"✓","Try again"))
A7: 3 | B7: For a bullish pattern, the stop goes above the high. | D7: =IF(C7="","",IF(C7='Answer Key'!B19,"✓","Try again"))
A8: 4 | B8: Risk per share = entry − stop. | D8: =IF(C8="","",IF(C8='Answer Key'!B20,"✓","Try again"))
A9: 5 | B9: Position size can be based on your risk per trade. | D9: =IF(C9="","",IF(C9='Answer Key'!B21,"✓","Try again"))
A11: Score | B11: =COUNTIF(D5:D9,"✓")&" / 5 correct" -> 0 / 5 correct

Sheet Answer Key
A1: Answer Key
A2: Worked answers for the Practice and Quiz tabs.
A4: Setup | B4: Entry | C4: Pattern low | D4: Buffer (AED) | E4: Stop-loss | F4: Risk per share
A5: A | B5: 20.45 | C5: 19.8 | D5: 0.05 | E5: =C5-D5 -> 19.75 | F5: =B5-(C5-D5) -> 0.7
A6: B | B6: 15.87 | C6: 15.3 | D6: 0.05 | E6: =C6-D6 -> 15.25 | F6: =B6-(C6-D6) -> 0.62
A7: C | B7: 8.38 | C7: 8.02 | D7: 0.02 | E7: =C7-D7 -> 8 | F7: =B7-(C7-D7) -> 0.38
A8: D | B8: 31.2 | C8: 30.25 | D8: 0.1 | E8: =C8-D8 -> 30.15 | F8: =B8-(C8-D8) -> 1.05
A9: E | B9: 12.6 | C9: 12.22 | D9: 0.02 | E9: =C9-D9 -> 12.2 | F9: =B9-(C9-D9) -> 0.4
A10: F | B10: 5.75 | C10: 5.52 | D10: 0.01 | E10: =C10-D10 -> 5.51 | F10: =B10-(C10-D10) -> 0.24
A16: Quiz answers
A17: 1 | B17: A
A18: 2 | B18: True
A19: 3 | B19: False
A20: 4 | B20: True
A21: 5 | B21: True
