Workbook

Sheet How to Use
A1: Practice: Targets and Risk-Reward
A2: Basics of Candlesticks course · Illustrative practice data (prices in AED)
A4: Your task
A5: 1. Read each setup's entry, stop and target
A6: 2. Calculate the risk, the reward and the ratio
A7: 3. Decide whether each trade meets 1:2
A8: 4. Then answer the five questions on the Quiz tab.
A9: 5. Stuck? The Answer Key tab has every answer worked out.
A11: Legend: yellow cells = your answers. Blue numbers = given data. Check columns show ✓ or 'Try again'.
A12: This workbook is for education only and is not investment advice.

Sheet Practice
A1: Practice: Check the Risk-Reward
A2: Fill in the yellow cells. Check columns update automatically.
A4: Setup | B4: Entry | C4: Stop | D4: Target | E4: Risk | F4: Check | G4: Reward | H4: Check | I4: Ratio (reward ÷ risk) | J4: Check | K4: Meets 1:2? | L4: Check
A5: A | B5: 20.45 | C5: 19.75 | D5: 21.85 | F5: =IF(E5="","",IF(ROUND(E5,2)=ROUND('Answer Key'!E5,2),"✓","Try again")) | H5: =IF(G5="","",IF(ROUND(G5,2)=ROUND('Answer Key'!F5,2),"✓","Try again")) | J5: =IF(I5="","",IF(ROUND(I5,2)=ROUND('Answer Key'!G5,2),"✓","Try again")) | L5: =IF(K5="","",IF(K5='Answer Key'!H5,"✓","Try again"))
A6: B | B6: 20 | C6: 19.5 | D6: 20.6 | F6: =IF(E6="","",IF(ROUND(E6,2)=ROUND('Answer Key'!E6,2),"✓","Try again")) | H6: =IF(G6="","",IF(ROUND(G6,2)=ROUND('Answer Key'!F6,2),"✓","Try again")) | J6: =IF(I6="","",IF(ROUND(I6,2)=ROUND('Answer Key'!G6,2),"✓","Try again")) | L6: =IF(K6="","",IF(K6='Answer Key'!H6,"✓","Try again"))
A7: C | B7: 15.87 | C7: 15.25 | D7: 17.3 | F7: =IF(E7="","",IF(ROUND(E7,2)=ROUND('Answer Key'!E7,2),"✓","Try again")) | H7: =IF(G7="","",IF(ROUND(G7,2)=ROUND('Answer Key'!F7,2),"✓","Try again")) | J7: =IF(I7="","",IF(ROUND(I7,2)=ROUND('Answer Key'!G7,2),"✓","Try again")) | L7: =IF(K7="","",IF(K7='Answer Key'!H7,"✓","Try again"))
A8: D | B8: 8.38 | C8: 8 | D8: 8.9 | F8: =IF(E8="","",IF(ROUND(E8,2)=ROUND('Answer Key'!E8,2),"✓","Try again")) | H8: =IF(G8="","",IF(ROUND(G8,2)=ROUND('Answer Key'!F8,2),"✓","Try again")) | J8: =IF(I8="","",IF(ROUND(I8,2)=ROUND('Answer Key'!G8,2),"✓","Try again")) | L8: =IF(K8="","",IF(K8='Answer Key'!H8,"✓","Try again"))
A9: E | B9: 31.2 | C9: 30.15 | D9: 33.5 | F9: =IF(E9="","",IF(ROUND(E9,2)=ROUND('Answer Key'!E9,2),"✓","Try again")) | H9: =IF(G9="","",IF(ROUND(G9,2)=ROUND('Answer Key'!F9,2),"✓","Try again")) | J9: =IF(I9="","",IF(ROUND(I9,2)=ROUND('Answer Key'!G9,2),"✓","Try again")) | L9: =IF(K9="","",IF(K9='Answer Key'!H9,"✓","Try again"))
A10: F | B10: 12.6 | C10: 12.2 | D10: 13.2 | F10: =IF(E10="","",IF(ROUND(E10,2)=ROUND('Answer Key'!E10,2),"✓","Try again")) | H10: =IF(G10="","",IF(ROUND(G10,2)=ROUND('Answer Key'!F10,2),"✓","Try again")) | J10: =IF(I10="","",IF(ROUND(I10,2)=ROUND('Answer Key'!G10,2),"✓","Try again")) | L10: =IF(K10="","",IF(K10='Answer Key'!H10,"✓","Try again"))
A12: Score | B12: =(COUNTIF(F5:F10,"✓")+COUNTIF(H5:H10,"✓")+COUNTIF(J5:J10,"✓")+COUNTIF(L5:L10,"✓"))&" / 24 correct" -> 0 / 24 correct

Sheet Quiz
A1: Lesson Quiz
A2: Choose your answers from the dropdowns. Your score updates automatically.
A4: # | B4: Question | C4: Your answer | D4: Check
A5: 1 | B5: Entry 20.00, stop 19.50, target 20.60. What's the risk-reward, and does it meet 1:2? A) 1:2, yes B) 1:3, yes C) 1:1.2, no D) 1:0.6, no | D5: =IF(C5="","",IF(C5='Answer Key'!B17,"✓","Try again"))
A6: 2 | B6: Targets should come from key levels on the chart. | D6: =IF(C6="","",IF(C6='Answer Key'!B18,"✓","Try again"))
A7: 3 | B7: Reward = target − entry for a long trade. | D7: =IF(C7="","",IF(C7='Answer Key'!B19,"✓","Try again"))
A8: 4 | B8: You need to win most trades to be profitable. | D8: =IF(C8="","",IF(C8='Answer Key'!B20,"✓","Try again"))
A9: 5 | B9: A trade with 1:1.2 meets the 1:2 rule. | D9: =IF(C9="","",IF(C9='Answer Key'!B21,"✓","Try again"))
A11: Score | B11: =COUNTIF(D5:D9,"✓")&" / 5 correct" -> 0 / 5 correct

Sheet Answer Key
A1: Answer Key
A2: Worked answers for the Practice and Quiz tabs.
A4: Setup | B4: Entry | C4: Stop | D4: Target | E4: Risk | F4: Reward | G4: Ratio (reward ÷ risk) | H4: Meets 1:2?
A5: A | B5: 20.45 | C5: 19.75 | D5: 21.85 | E5: =B5-C5 -> 0.7 | F5: =D5-B5 -> 1.4 | G5: =(D5-B5)/(B5-C5) -> 2 | H5: =IF((D5-B5)/(B5-C5)>=2,"Yes","No") -> Yes
A6: B | B6: 20 | C6: 19.5 | D6: 20.6 | E6: =B6-C6 -> 0.5 | F6: =D6-B6 -> 0.6 | G6: =(D6-B6)/(B6-C6) -> 1.2 | H6: =IF((D6-B6)/(B6-C6)>=2,"Yes","No") -> No
A7: C | B7: 15.87 | C7: 15.25 | D7: 17.3 | E7: =B7-C7 -> 0.62 | F7: =D7-B7 -> 1.43 | G7: =(D7-B7)/(B7-C7) -> 2.3064516 | H7: =IF((D7-B7)/(B7-C7)>=2,"Yes","No") -> Yes
A8: D | B8: 8.38 | C8: 8 | D8: 8.9 | E8: =B8-C8 -> 0.38 | F8: =D8-B8 -> 0.52 | G8: =(D8-B8)/(B8-C8) -> 1.3684211 | H8: =IF((D8-B8)/(B8-C8)>=2,"Yes","No") -> No
A9: E | B9: 31.2 | C9: 30.15 | D9: 33.5 | E9: =B9-C9 -> 1.05 | F9: =D9-B9 -> 2.3 | G9: =(D9-B9)/(B9-C9) -> 2.1904762 | H9: =IF((D9-B9)/(B9-C9)>=2,"Yes","No") -> Yes
A10: F | B10: 12.6 | C10: 12.2 | D10: 13.2 | E10: =B10-C10 -> 0.4 | F10: =D10-B10 -> 0.6 | G10: =(D10-B10)/(B10-C10) -> 1.5 | H10: =IF((D10-B10)/(B10-C10)>=2,"Yes","No") -> No
A16: Quiz answers
A17: 1 | B17: C
A18: 2 | B18: True
A19: 3 | B19: True
A20: 4 | B20: False
A21: 5 | B21: False
